{"schemaVersion":"1.0","appDefinitionTemplate":{"id":"/providers/Microsoft.PowerApps/apps/","type":"Microsoft.PowerApps/apps","tags":{"primaryDeviceWidth":"1136","primaryDeviceHeight":"640","sienaVersion":"20210513T112300Z-3.21044.25.0","deviceCapabilities":"","supportsPortrait":"false","supportsLandscape":"true","primaryFormFactor":"Phone","publisherVersion":"3.21044.25","minimumRequiredApiVersion":"2.2.0","hasComponent":"false","hasUnlockedComponent":"false","isUnifiedRootApp":"false"},"properties":{"appVersion":"2021-05-13T11:23:00Z","lifeCycleId":"Published","createdByClientVersion":{"major":3,"minor":21044,"build":25,"revision":0,"majorRevision":0,"minorRevision":0},"minClientVersion":{"major":3,"minor":21044,"build":25,"revision":0,"majorRevision":0,"minorRevision":0},"backgroundColor":"rgba(37, 62, 143, 1)","backgroundImageUri":"/6032150499064067860/N1aff86b9-3d47-40df-97ba-9b9a452ce319-logoSmallFile","displayName":"Form processing AI App with invoice lines and invoice creation","description":"","commitMessage":"","appUris":{"documentUri":{"value":"/6032150499064067860/Nabd2fe15-2d92-4c95-a915-a2b5b0db3e0a-document.msapp"},"imageUris":[]},"createdTime":"0001-01-01T00:00:00Z","lastModifiedTime":"0001-01-01T00:00:00Z","sharedGroupsCount":0,"sharedUsersCount":0,"icons":{"smallIconUri":"/6032150499064067860/Ncb0f1506-7ccc-47eb-ba0e-b404aeaa95c7-small.png","mediumIconUri":"/6032150499064067860/N72992c6e-ae26-4fa5-b97c-e693f0668120-medium.png","largeIconUri":"/6032150499064067860/N81c4012d-525f-4dd6-9507-0a225710c082-large.png","wideIconUri":"/6032150499064067860/Na701a3d1-1935-46fd-9200-afacac6d3c30-wide.png"},"connectionReferences":{"bca84ed2-75d6-40e0-b5fa-66f331e48ae7":{"id":"10d504fa-5ff7-4717-b2bc-8ddc5b4740ae","displayName":"Logic flows","iconUri":"https://connectoricons-prod.azureedge.net/releases/v1.0.1438/1.0.1438.2324/logicflows/icon.png","dataSources":["CreateinvoiceinlegacywithRPAandAIBuilderCanvasApp"],"dependencies":["96828fee-9acd-4caa-95b0-05e470fbd3a5"],"dependents":[],"parameterHints":{"workflowName":{"value":"d919cc56-7fa7-485c-8ceb-6919aee71c4d"},"workflowEntityId":{},"96828fee-9acd-4caa-95b0-05e470fbd3a5":{"value":"shared_uiflow_1"}},"isOnPremiseConnection":false,"bypassConsent":false,"dataSets":{},"apiTier":"Standard","isCustomApiConnection":false,"actions":["Run"]},"96828fee-9acd-4caa-95b0-05e470fbd3a5":{"id":"3b5e2882-4ab2-4ed6-8f5f-77a123f7869a","displayName":"Bureaubladstromen","iconUri":"https://connectoricons-prod.azureedge.net/releases/v1.0.1465/1.0.1465.2409/uiflow/icon.png","dataSources":[],"dependencies":[],"dependents":["bca84ed2-75d6-40e0-b5fa-66f331e48ae7"],"parameterHints":{},"gatewayObjectIdHint":"ba7ea2ad-382a-403b-9e18-32e5482d152d","isOnPremiseConnection":true,"bypassConsent":false,"dataSets":{},"apiTier":"Premium","isCustomApiConnection":false}},"databaseReferences":{"default.cds":{"databaseDetails":{"referenceType":"Environmental","environmentName":"default.cds"},"dataSources":{"43b0dc67-68af-47ae-9a9c-9e69d396ba3e":{"entitySetName":"msdyn_aimodels","logicalName":"msdyn_aimodel"}}}},"almMode":"Environment","performanceOptimizationEnabled":true,"canConsumeAppPass":true,"executionRestrictions":{"isTeamsOnly":false,"dataLossPreventionEvaluationResult":{"status":"NonCompliant","lastEvaluationDate":"2021-11-09T19:32:58.988954Z","violations":[{"policyId":"a6894608-77ce-4db3-910e-5cfaa43ccaaf","policyDisplayName":"DLP tenant","type":"BusinessAndNonBusinessConnector","parameters":["/providers/microsoft.powerapps/apis/shared_uiflow","/providers/Microsoft.PowerApps/apis/shared_commondataservice"]}],"violationsByPolicy":[{"policyRef":{"policyId":"a6894608-77ce-4db3-910e-5cfaa43ccaaf","policyDisplayName":"DLP tenant"},"violations":[{"policyId":"a6894608-77ce-4db3-910e-5cfaa43ccaaf","policyDisplayName":"DLP tenant","type":"BusinessAndNonBusinessConnector","parameters":["/providers/microsoft.powerapps/apis/shared_uiflow","/providers/Microsoft.PowerApps/apis/shared_commondataservice"]}]}],"additionalInfo":{},"violationErrorMessage":"De app gebruikt de volgende connectors: shared_logicflows, shared_uiflow, shared_commondataservice."}}},"isAppComponentLibrary":false,"appType":"ClassicCanvasApp","appComponents":[]}}