{"name":"7093707a-3c35-4582-8b84-92ea5e1ac360","id":"/providers/Microsoft.Flow/flows/7093707a-3c35-4582-8b84-92ea5e1ac360","type":"Microsoft.Flow/flows","properties":{"apiId":"/providers/Microsoft.PowerApps/apis/shared_logicflows","displayName":"Create invoice in legacy with RPA and AI Builder Canvas App","definition":{"metadata":{"workflowEntityId":null,"processAdvisorMetadata":null,"flowclientsuspensionreason":"None","flowclientsuspensiontime":null,"creator":{"id":"8b7526ac-7dcf-4de8-892a-3a49651e4ac4","type":"User","tenantId":"968ec5c8-1c27-40be-a81e-493c94268576"},"provisioningMethod":"FromDefinition","failureAlertSubscription":true,"clientLastModifiedTime":"2021-11-15T14:40:14.2185442Z"},"$schema":"https://schema.management.azure.com/providers/Microsoft.Logic/schemas/2016-06-01/workflowdefinition.json#","contentVersion":"1.0.0.0","parameters":{"$connections":{"defaultValue":{},"type":"Object"},"$authentication":{"defaultValue":{},"type":"SecureObject"}},"triggers":{"manual":{"metadata":{"operationMetadataId":"85d78319-2906-4f2c-b721-447549b378c5"},"type":"Request","kind":"PowerApp","inputs":{"schema":{"type":"object","properties":{"InvoiceDate_Value":{"type":"string","description":"Enter initial value","x-ms-powerflows-param-ispartial":false},"Account_Value":{"type":"string","description":"Enter initial value","x-ms-powerflows-param-ispartial":false},"Invoiceamount_Value":{"type":"string","description":"Enter initial value","x-ms-powerflows-param-ispartial":false}},"required":["InvoiceDate_Value","Account_Value","Invoiceamount_Value"]}}}},"actions":{"Invoice_Date":{"runAfter":{},"metadata":{"operationMetadataId":"364cfcb0-2e67-4946-869d-cb08a0e99a03"},"type":"InitializeVariable","inputs":{"variables":[{"name":"Invoice Date","type":"string","value":"@triggerBody()['InvoiceDate_Value']"}]}},"Account":{"runAfter":{"Invoice_Date":["Succeeded"]},"metadata":{"operationMetadataId":"104b5f73-6177-4c2a-bfe6-3b455cd8d30c"},"type":"InitializeVariable","inputs":{"variables":[{"name":"Account","type":"string","value":"@triggerBody()['Account_Value']"}]}},"Invoice_amount":{"runAfter":{"Account":["Succeeded"]},"metadata":{"operationMetadataId":"9100fd7c-1d8a-47bf-98c1-8c19fe9a98f8"},"type":"InitializeVariable","inputs":{"variables":[{"name":"Invoice amount","type":"string","value":"@triggerBody()['Invoiceamount_Value']"}]}},"Run_a_flow_built_with_Power_Automate_Desktop":{"runAfter":{"Invoice_amount":["Succeeded"]},"metadata":{"operationMetadataId":"aa98f93e-fe7e-430d-be14-28beb95943b0"},"type":"OpenApiConnection","inputs":{"host":{"apiId":"/providers/Microsoft.PowerApps/apis/shared_uiflow","connectionName":"shared_uiflow_1","operationId":"RunUIFlow_V2"},"parameters":{"uiFlowId":"a0d0459e-bd0c-4ebe-bec1-082151f8952f","runMode":"attended","item/Amount":"@triggerBody()['Invoiceamount_Value']","item/Contact":"","item/Account":"@triggerBody()['Account_Value']","x-ms-flow-trusted-access":true},"authentication":{"value":"@json(decodeBase64(triggerOutputs().headers['X-MS-APIM-Tokens']))['$ConnectionKey']","type":"Raw"}}}}},"connectionReferences":{"shared_uiflow_1":{"connectionName":"shared-uiflow-ef78ad26-a575-48d3-86d4-e712-22900f06","source":"Invoker","id":"/providers/Microsoft.PowerApps/apis/shared_uiflow","tier":"NotSpecified"}},"flowFailureAlertSubscribed":false}}