{"schemaVersion":"1.0","appDefinitionTemplate":{"id":"/providers/Microsoft.PowerApps/apps/","type":"Microsoft.PowerApps/apps","tags":{"primaryDeviceWidth":"640","primaryDeviceHeight":"1136","sienaVersion":"20210406T074824Z-3.21034.27.0","deviceCapabilities":"","supportsPortrait":"true","supportsLandscape":"false","primaryFormFactor":"Phone","publisherVersion":"3.21034.27","minimumRequiredApiVersion":"2.2.0","hasComponent":"false","hasUnlockedComponent":"false","isUnifiedRootApp":"false"},"properties":{"appVersion":"2021-04-06T07:48:24Z","lifeCycleId":"Published","createdByClientVersion":{"major":3,"minor":21034,"build":27,"revision":0,"majorRevision":0,"minorRevision":0},"minClientVersion":{"major":3,"minor":21034,"build":27,"revision":0,"majorRevision":0,"minorRevision":0},"backgroundColor":"rgba(142, 140, 216, 1)","backgroundImageUri":"/14760687986409715485/N089df290-2b97-48cd-952f-f4cf854973bc-logoSmallFile","displayName":"CRM mobiele app","description":"","commitMessage":"","appUris":{"documentUri":{"value":"/14760687986409715485/N8a709e5a-abdd-44c6-adc1-9d17d2efa676-document.msapp"},"imageUris":[]},"createdTime":"0001-01-01T00:00:00Z","lastModifiedTime":"0001-01-01T00:00:00Z","sharedGroupsCount":0,"sharedUsersCount":0,"icons":{"smallIconUri":"/14760687986409715485/Nd921b244-06ed-4140-8249-02ec6910dd61-small.png","mediumIconUri":"/14760687986409715485/N70490cb2-e853-4849-9ace-40a3aadcf0e6-medium.png","largeIconUri":"/14760687986409715485/N8d74ee1a-b9ff-4d01-8c2d-1eb798d16108-large.png","wideIconUri":"/14760687986409715485/N536ed9fc-3ceb-46c2-9be6-e27419a06c92-wide.png"},"connectionReferences":{"43db9107-01b5-43c1-8003-65c859e4435f":{"id":"0d7338f3-2c10-468c-a144-8a097c386b43","displayName":"Office 365-gebruikers","iconUri":"https://connectoricons-prod.azureedge.net/releases/v1.0.1430/1.0.1430.2296/office365users/icon.png","dataSources":["Office365-gebruikers"],"dependencies":[],"dependents":[],"parameterHints":{},"isOnPremiseConnection":false,"bypassConsent":false,"dataSets":{},"apiTier":"Standard","isCustomApiConnection":false,"actions":["MyProfile"]},"d70cd4e8-cd9e-4fea-a10a-777b678d1c4c":{"id":"815636e6-c288-4e8f-a16d-1d7c0b041a87","displayName":"Microsoft Teams","iconUri":"https://connectoricons-prod.azureedge.net/releases/v1.0.1447/1.0.1447.2351/teams/icon.png","dataSources":["MicrosoftTeams"],"dependencies":[],"dependents":[],"parameterHints":{},"isOnPremiseConnection":false,"bypassConsent":false,"dataSets":{},"apiTier":"Standard","isCustomApiConnection":false}},"databaseReferences":{"default.cds":{"databaseDetails":{"referenceType":"Environmental","environmentName":"default.cds"},"dataSources":{"Co-Creation partner":{"entitySetName":"cre95_huticocreationpartners","logicalName":"cre95_huticocreationpartner"},"Account info":{"entitySetName":"cre95_hutiaccountinfos","logicalName":"cre95_hutiaccountinfo"},"Opportunities":{"entitySetName":"cre95_hutiopportunitieses","logicalName":"cre95_hutiopportunities"},"Industry expertise":{"entitySetName":"cre95_industryexpertises","logicalName":"cre95_industryexpertise"},"Role play":{"entitySetName":"cre95_roleplaies","logicalName":"cre95_roleplay"},"Phase in Digital Lifecycle":{"entitySetName":"new_phaseindigitallifecycles","logicalName":"new_phaseindigitallifecycle"},"Leads":{"entitySetName":"cr605_leadses","logicalName":"cr605_leads"}}}},"almMode":"Solution","performanceOptimizationEnabled":true,"canConsumeAppPass":true,"executionRestrictions":{"isTeamsOnly":false,"dataLossPreventionEvaluationResult":{"status":"Compliant","lastEvaluationDate":"2020-10-28T07:15:24.7711607Z","violationDetails":[]}}},"isAppComponentLibrary":false,"appType":"ClassicCanvasApp","appComponents":[]}}